Availability,Residence Type,Price(in Lakhs),Area(sq.ft),Price per sq.ft (â‚¹),Construction Status,Locality,City
3 BHK,Apartment,118.00341,2037,5793,Under Construction,Krishnarajapura,Bangalore
3 BHK,Apartment,92.5131,1695,5458,Under Construction,Horamavu,Bangalore
2 BHK,Apartment,57.5608,1240,4642,Under Construction,Electronic City Phase 1,Bangalore
2 BHK,Apartment,43.29,1110,3900,Ready to move,Sarjapur,Bangalore
4 BHK,Apartment,1166.6396,5180,22522,Ready to move,Frazer Town,Bangalore
2 BHK,Apartment,41.9991,726,5785,Under Construction,Kumbalgodu,Bangalore
Residential Plot,Residential,32.3,2000,1615,New,Karudabande Hosahalli,Bangalore
Residential Plot,Residential,33.0,1500,2200,New,Anekal City,Bangalore
3 BHK,Apartment,133.46253,1641,8133,Under Construction,RR Nagar,Bangalore
2 BHK,Apartment,55.38159,957,5787,Ready to move,Begur,Bangalore
Residential Plot,Residential,59.985,1500,3999,New,Devanahalli,Bangalore
3 BHK,Apartment,89.35542,2079,4298,Ready to move,Hoskote,Bangalore
4 BHK,Apartment,215.61365,2135,10099,Under Construction,Whitefield Hope Farm Junction,Bangalore
Residential Plot,Residential,36.0,1500,2400,New,Bidadi,Bangalore
4 BHK,Apartment,340.98906,3067,11118,Ready to move,Hebbal,Bangalore
2 BHK,Apartment,52.46368,1072,4894,Under Construction,Devanahalli,Bangalore
3 BHK,Apartment,133.61257,1769,7553,Under Construction,Hebbal,Bangalore
Residential Plot,Residential,37.35,1500,2490,New,Anekal City,Bangalore
2 BHK,Apartment,55.8,1240,4500,Under Construction,Volagerekallahalli,Bangalore
3 BHK,Apartment,50.652,1206,4200,Under Construction,Chandapura,Bangalore
3 BHK,Apartment,91.8308,1405,6536,Ready to move,Kasavanahalli,Bangalore
3 BHK,Apartment,155.92873,1679,9287,Under Construction,Krishnarajapura,Bangalore
4 BHK,Villa,222.97254,3054,7301,Under Construction,Sarjapur,Bangalore
3 BHK,Apartment,141.61028,1708,8291,Ready to move,Gunjur,Bangalore
3 BHK,Apartment,142.86828,1604,8907,Under Construction,Krishnarajapura,Bangalore
3 BHK,Apartment,73.7856,1440,5124,Under Construction,Whitefield Hope Farm Junction,Bangalore
3 BHK,Apartment,133.55205,1605,8321,Under Construction,Jalahalli,Bangalore
4 BHK,Villa,403.64145,4815,8383,Under Construction,Sarjapur,Bangalore
1 BHK,Apartment,31.5001,590,5339,Under Construction,Kengeri,Bangalore
2 BHK,Apartment,34.00848,1017,3344,Ready to move,Sarjapur,Bangalore
2 BHK,Apartment,41.9862,580,7239,Under Construction,Bagalur,Bangalore
Residential Plot,Residential,32.472,984,3300,New,Doddaballapur,Bangalore
2 BHK,Apartment,75.746,1252,6050,Ready to move,Whitefield Hope Farm Junction,Bangalore
2 BHK,Villa,39.496,800,4937,Under Construction,Anekal City,Bangalore
3 BHK,Apartment,118.99855,2045,5819,Under Construction,Krishnarajapura,Bangalore
2 BHK,Apartment,69.27676,1234,5614,Under Construction,Horamavu,Bangalore
3 BHK,Apartment,66.80235,1445,4623,Under Construction,Electronic City Phase 1,Bangalore
2 BHK,Apartment,39.0,1000,3900,Ready to move,Sarjapur,Bangalore
4 BHK,Apartment,768.16152,3633,21144,Ready to move,Frazer Town,Bangalore
2 BHK,Apartment,41.99832,728,5769,Under Construction,Kumbalgodu,Bangalore
Residential Plot,Residential,32.3,2000,1615,New,Karudabande Hosahalli,Bangalore
Residential Plot,Residential,52.8,2400,2200,New,Anekal City,Bangalore
3 BHK,Apartment,133.46253,1641,8133,Under Construction,RR Nagar,Bangalore
2 BHK,Apartment,56.8174,983,5780,Ready to move,Begur,Bangalore
Residential Plot,Residential,59.985,1500,3999,New,Devanahalli,Bangalore
3 BHK,Apartment,89.35542,2079,4298,Ready to move,Hoskote,Bangalore
4 BHK,Apartment,215.61365,2135,10099,Under Construction,Whitefield Hope Farm Junction,Bangalore
Residential Plot,Residential,62.256,2400,2594,New,Bidadi,Bangalore
3 BHK,Apartment,309.9984,2620,11832,Ready to move,Hebbal,Bangalore
3 BHK,Apartment,124.6236,1640,7599,Under Construction,Hebbal,Bangalore
Residential Plot,Residential,37.35,1500,2490,New,Anekal City,Bangalore
2 BHK,Apartment,55.8,1240,4500,Under Construction,Volagerekallahalli,Bangalore
3 BHK,Apartment,50.652,1206,4200,Under Construction,Chandapura,Bangalore
3 BHK,Apartment,95.8881,1470,6523,Ready to move,Kasavanahalli,Bangalore
2 BHK,Apartment,110.4337,1315,8398,Under Construction,Krishnarajapura,Bangalore
5 BHK,Villa,289.96133,3901,7433,Under Construction,Sarjapur,Bangalore
3 BHK,Apartment,120.05574,1451,8274,Ready to move,Gunjur,Bangalore
2 BHK,Apartment,98.6013,1110,8883,Under Construction,Krishnarajapura,Bangalore
3 BHK,Apartment,78.5092,1540,5098,Under Construction,Whitefield Hope Farm Junction,Bangalore
3 BHK,Apartment,125.47185,1505,8337,Under Construction,Jalahalli,Bangalore
4 BHK,Villa,327.82692,3727,8796,Under Construction,Sarjapur,Bangalore
2 BHK,Apartment,44.25085,805,5497,Under Construction,Kengeri,Bangalore
2 BHK,Apartment,34.00848,1017,3344,Ready to move,Sarjapur,Bangalore
2 BHK,Apartment,41.9862,580,7239,Under Construction,Bagalur,Bangalore
Residential Plot,Residential,32.472,984,3300,New,Doddaballapur,Bangalore
2 BHK,Apartment,71.4505,1181,6050,Ready to move,Whitefield Hope Farm Junction,Bangalore
2 BHK,Villa,39.496,800,4937,Under Construction,Anekal City,Bangalore
3 BHK,Apartment,97.77114,1686,5799,Under Construction,Krishnarajapura,Bangalore
2 BHK,Apartment,65.64138,1162,5649,Under Construction,Horamavu,Bangalore
2 BHK,Apartment,54.8464,1180,4648,Under Construction,Electronic City Phase 1,Bangalore
2 BHK,Apartment,40.95,1050,3900,Ready to move,Sarjapur,Bangalore
3 BHK,Apartment,205.41724,1999,10276,Under Construction,Gottigere,Bangalore
1 BHK,Apartment,24.99744,416,6009,Under Construction,Kumbalgodu,Bangalore
Residential Plot,Residential,24.585,1500,1639,New,Karudabande Hosahalli,Bangalore
Residential Plot,Residential,26.4,1200,2200,New,Anekal City,Bangalore
2 BHK,Apartment,102.982,1240,8305,Under Construction,RR Nagar,Bangalore
2 BHK,Apartment,61.2801,1065,5754,Ready to move,Begur,Bangalore
Residential Plot,Residential,95.976,2400,3999,New,Devanahalli,Bangalore
3 BHK,Apartment,89.35542,2079,4298,Ready to move,Hoskote,Bangalore
3 BHK,Apartment,194.0686,1870,10378,Under Construction,Whitefield Hope Farm Junction,Bangalore
Residential Plot,Residential,62.256,2400,2594,New,Bidadi,Bangalore
4 BHK,Apartment,359.9871,3165,11374,Ready to move,Hebbal,Bangalore
3 BHK,Apartment,119.94125,1573,7625,Under Construction,Hebbal,Bangalore
Residential Plot,Residential,29.88,1200,2490,New,Anekal City,Bangalore
2 BHK,Apartment,54.9,1220,4500,Under Construction,Volagerekallahalli,Bangalore
3 BHK,Apartment,50.652,1206,4200,Under Construction,Chandapura,Bangalore
1 BHK,Apartment,47.334,690,6860,Ready to move,Kasavanahalli,Bangalore
3 BHK,Apartment,153.67314,1654,9291,Under Construction,Krishnarajapura,Bangalore
4 BHK,Villa,244.97544,3298,7428,Under Construction,Sarjapur,Bangalore
2 BHK,Apartment,100.80258,1229,8202,Ready to move,Gunjur,Bangalore
3 BHK,Apartment,143.04642,1606,8907,Under Construction,Krishnarajapura,Bangalore
3 BHK,Apartment,75.44625,1475,5115,Under Construction,Whitefield Hope Farm Junction,Bangalore
3 BHK,Apartment,135.98295,1635,8317,Under Construction,Jalahalli,Bangalore
4 BHK,Villa,406.20106,4534,8959,Under Construction,Sarjapur,Bangalore
3 BHK,Apartment,64.075,1165,5500,Under Construction,Kengeri,Bangalore
2 BHK,Apartment,38.95872,1182,3296,Ready to move,Sarjapur,Bangalore
3 BHK,Apartment,58.98873,703,8391,Under Construction,Bagalur,Bangalore
Residential Plot,Residential,32.472,984,3300,New,Doddaballapur,Bangalore
2 BHK,Apartment,74.294,1228,6050,Ready to move,Whitefield Hope Farm Junction,Bangalore
2 BHK,Villa,39.496,800,4937,Under Construction,Anekal City,Bangalore
2 BHK,Apartment,88.26078,1522,5799,Under Construction,Krishnarajapura,Bangalore
3 BHK,Apartment,108.00554,1858,5813,Under Construction,Krishnarajapura,Bangalore
2 BHK,Apartment,85.01334,1466,5799,Under Construction,Krishnarajapura,Bangalore
3 BHK,Apartment,94.69767,1633,5799,Under Construction,Krishnarajapura,Bangalore
3 BHK,Apartment,66.1375,1430,4625,Under Construction,Electronic City Phase 1,Bangalore
2 BHK,Apartment,54.3933,1170,4649,Under Construction,Electronic City Phase 1,Bangalore
3 BHK,Apartment,71.994,1560,4615,Under Construction,Electronic City Phase 1,Bangalore
2 BHK,Apartment,51.238,1100,4658,Under Construction,Electronic City Phase 1,Bangalore
3 BHK,Apartment,71.3172,1545,4616,Under Construction,Electronic City Phase 1,Bangalore
3 BHK,Apartment,68.62185,1485,4621,Under Construction,Electronic City Phase 1,Bangalore
3 BHK,Apartment,67.26465,1455,4623,Under Construction,Electronic City Phase 1,Bangalore
2 BHK,Apartment,58.464,1260,4640,Under Construction,Electronic City Phase 1,Bangalore
3 BHK,Apartment,73.808,1600,4613,Under Construction,Electronic City Phase 1,Bangalore
2 BHK,Apartment,55.752,1200,4646,Under Construction,Electronic City Phase 1,Bangalore
2 BHK,Apartment,68.26322,1214,5623,Under Construction,Horamavu,Bangalore
2 BHK,Apartment,66.30525,1175,5643,Under Construction,Horamavu,Bangalore
2 BHK,Apartment,66.85482,1186,5637,Under Construction,Horamavu,Bangalore
2 BHK,Apartment,65.64138,1162,5649,Under Construction,Horamavu,Bangalore
3 BHK,Apartment,95.2875,1750,5445,Under Construction,Horamavu,Bangalore
3 BHK,Apartment,82.2838,1492,5515,Under Construction,Horamavu,Bangalore
2 BHK,Apartment,69.27676,1234,5614,Under Construction,Horamavu,Bangalore
2 BHK,Apartment,66.00174,1169,5646,Under Construction,Horamavu,Bangalore
3 BHK,Apartment,89.39042,1633,5474,Under Construction,Horamavu,Bangalore
3 BHK,Apartment,82.68,1500,5512,Under Construction,Horamavu,Bangalore
3 BHK,Apartment,89.2262,1630,5474,Under Construction,Horamavu,Bangalore
2 BHK,Apartment,71.33625,1275,5595,Under Construction,Horamavu,Bangalore
2 BHK,Apartment,71.9433,1287,5590,Under Construction,Horamavu,Bangalore
2 BHK,Apartment,71.90026,1286,5591,Under Construction,Horamavu,Bangalore
3 BHK,Apartment,81.57082,1478,5519,Under Construction,Horamavu,Bangalore
2 BHK,Apartment,68.26322,1214,5623,Under Construction,Horamavu,Bangalore
3 BHK,Apartment,77.53308,1398,5546,Under Construction,Horamavu,Bangalore
2 BHK,Apartment,68.26322,1214,5623,Under Construction,Horamavu,Bangalore
2 BHK,Apartment,45.24,1160,3900,Ready to move,Sarjapur,Bangalore
2 BHK,Apartment,45.435,1165,3900,Ready to move,Sarjapur,Bangalore
2 BHK,Apartment,42.12,1080,3900,Ready to move,Sarjapur,Bangalore
1 BHK,Apartment,30.81,790,3900,Ready to move,Sarjapur,Bangalore
1 BHK,Apartment,26.91,690,3900,Ready to move,Sarjapur,Bangalore
3 BHK,Apartment,54.99,1410,3900,Ready to move,Sarjapur,Bangalore
1 BHK,Apartment,28.08,720,3900,Ready to move,Sarjapur,Bangalore
2 BHK,Apartment,42.315,1085,3900,Ready to move,Sarjapur,Bangalore
2 BHK,Apartment,44.85,1150,3900,Ready to move,Sarjapur,Bangalore
2 BHK,Apartment,41.34,1060,3900,Ready to move,Sarjapur,Bangalore
1 BHK,Apartment,29.25,750,3900,Ready to move,Sarjapur,Bangalore
2 BHK,Apartment,39.585,1015,3900,Ready to move,Sarjapur,Bangalore
3 BHK,Apartment,54.405,1395,3900,Ready to move,Sarjapur,Bangalore
3 BHK,Apartment,203.1328,1976,10280,Under Construction,Gottigere,Bangalore
3 BHK,Apartment,141.66152,1769,8008,Under Construction,Kogilu,Bangalore
3 BHK,Apartment,199.75412,1942,10286,Under Construction,Gottigere,Bangalore
2 BHK,Apartment,101.16435,1239,8165,Under Construction,Kogilu,Bangalore
3 BHK,Apartment,196.5581,1910,10291,Under Construction,Gottigere,Bangalore
3 BHK,Apartment,142.42674,1779,8006,Under Construction,Kogilu,Bangalore
3 BHK,Apartment,229.60322,2242,10241,Under Construction,Gottigere,Bangalore
2 BHK,Apartment,102.83455,1261,8155,Under Construction,Kogilu,Bangalore
3 BHK,Apartment,136.11552,1704,7988,Ready to move,Nagarbhavi,Bangalore
3 BHK,Apartment,230.4,2250,10240,Under Construction,Gottigere,Bangalore
3 BHK,Apartment,142.8092,1784,8005,Under Construction,Kogilu,Bangalore
2 BHK,Apartment,85.62556,1046,8186,Ready to move,Nagarbhavi,Bangalore
1 BHK,Apartment,41.22452,542,7606,Under Construction,Budigere Cross,Bangalore
3 BHK,Apartment,117.59952,1454,8088,Under Construction,Kogilu,Bangalore
3 BHK,Apartment,226.33414,2209,10246,Under Construction,Gottigere,Bangalore
3 BHK,Apartment,226.33414,2209,10246,Under Construction,Gottigere,Bangalore
3 BHK,Apartment,106.73208,1404,7602,Ready to move,Budigere Cross,Bangalore
3 BHK,Apartment,96.3625,1186,8125,Ready to move,Nagarbhavi,Bangalore
3 BHK,Apartment,76.42602,957,7986,Under Construction,Budigere Cross,Bangalore
3 BHK,Apartment,140.53048,1754,8012,Under Construction,Kogilu,Bangalore
2 BHK,Apartment,71.80608,894,8032,Under Construction,Budigere Cross,Bangalore
3 BHK,Apartment,118.12185,1461,8085,Under Construction,Kogilu,Bangalore
3 BHK,Apartment,119.6917,1490,8033,Ready to move,Nagarbhavi,Bangalore
2 BHK,Apartment,68.4336,848,8070,Under Construction,Budigere Cross,Bangalore
4 BHK,Apartment,409.584,2800,14628,Ready to move,Bommanahalli,Bangalore
2 BHK,Apartment,70.7784,880,8043,Under Construction,Budigere Cross,Bangalore
2 BHK,Apartment,100.8501,1235,8166,Under Construction,Kogilu,Bangalore
3 BHK,Apartment,82.31218,1273,6466,Ready to move,Devanahalli,Bangalore
3 BHK,Apartment,82.85566,1282,6463,Ready to move,Devanahalli,Bangalore
2 BHK,Apartment,66.20049,1009,6561,Ready to move,Devanahalli,Bangalore
2 BHK,Apartment,65.48296,997,6568,Ready to move,Devanahalli,Bangalore
3 BHK,Apartment,96.0218,1498,6410,Ready to move,Devanahalli,Bangalore
3 BHK,Apartment,94.08788,1466,6418,Ready to move,Devanahalli,Bangalore
2 BHK,Apartment,39.4384,785,5024,Under Construction,Bidadi,Bangalore
2 BHK,Apartment,48.21976,878,5492,Under Construction,Bidadi,Bangalore
4 BHK,Villa,602.55,3708,16250,Ready to move,CV Raman Nagar,Bangalore
Residential Plot,Residential,24.585,1500,1639,New,Karudabande Hosahalli,Bangalore
Residential Plot,Residential,38.448,2400,1602,New,Karudabande Hosahalli,Bangalore
Residential Plot,Residential,38.448,2400,1602,New,Karudabande Hosahalli,Bangalore
Residential Plot,Residential,19.968,1200,1664,New,Karudabande Hosahalli,Bangalore
Residential Plot,Residential,19.968,1200,1664,New,Karudabande Hosahalli,Bangalore
2 BHK,Apartment,95.98428,1148,8361,Under Construction,RR Nagar,Bangalore
2 BHK,Apartment,102.982,1240,8305,Under Construction,RR Nagar,Bangalore
3 BHK,Apartment,134.3076,1652,8130,Under Construction,RR Nagar,Bangalore
2 BHK,Apartment,95.98428,1148,8361,Under Construction,RR Nagar,Bangalore
3 BHK,Apartment,134.3076,1652,8130,Under Construction,RR Nagar,Bangalore
Residential Plot,Residential,249.66625,3875,6443,New,Devanahalli,Bangalore
Residential Plot,Residential,396.49,6200,6395,New,Devanahalli,Bangalore
2 BHK,Apartment,56.53725,979,5775,Ready to move,Begur,Bangalore
Residential Plot,Residential,95.976,2400,3999,New,Devanahalli,Bangalore
Residential Plot,Residential,47.988,1200,3999,New,Devanahalli,Bangalore
Residential Plot,Residential,47.988,1200,3999,New,Devanahalli,Bangalore
3 BHK,Apartment,89.35542,2079,4298,Ready to move,Hoskote,Bangalore
3 BHK,Apartment,86.4444,2008,4305,Ready to move,Hoskote,Bangalore
3 BHK,Apartment,86.4444,2008,4305,Ready to move,Hoskote,Bangalore
3 BHK,Apartment,91.69848,2136,4293,Ready to move,Hoskote,Bangalore
3 BHK,Apartment,91.69848,2136,4293,Ready to move,Hoskote,Bangalore
4 BHK,Apartment,316.5305,2470,12815,Under Construction,Whitefield Hope Farm Junction,Bangalore
4 BHK,Apartment,245.2888,1895,12944,Under Construction,Whitefield Hope Farm Junction,Bangalore
4 BHK,Apartment,305.9955,2385,12830,Under Construction,Whitefield Hope Farm Junction,Bangalore
3 BHK,Apartment,210.596,1615,13040,Under Construction,Whitefield Hope Farm Junction,Bangalore
3 BHK,Apartment,214.57,1720,12475,Under Construction,Whitefield Hope Farm Junction,Bangalore
4 BHK,Apartment,250.8401,1970,12733,Under Construction,Whitefield Hope Farm Junction,Bangalore
4 BHK,Apartment,339.97615,2615,13001,Under Construction,Whitefield Hope Farm Junction,Bangalore
3 BHK,Apartment,215.7483,1730,12471,Under Construction,Whitefield Hope Farm Junction,Bangalore
Residential Plot,Residential,28.8,1200,2400,New,Bidadi,Bangalore
Residential Plot,Residential,36.0,1500,2400,New,Bidadi,Bangalore
Residential Plot,Residential,28.8,1200,2400,New,Bidadi,Bangalore
3 BHK,Apartment,84.168,1503,5600,Under Construction,Varthur,Bangalore
3 BHK,Apartment,76.776,1371,5600,Under Construction,Varthur,Bangalore
2 BHK,Apartment,56.056,1001,5600,Under Construction,Varthur,Bangalore
3 BHK,Apartment,77.0,1375,5600,Under Construction,Varthur,Bangalore
2 BHK,Apartment,56.336,1006,5600,Under Construction,Varthur,Bangalore
2 BHK,Apartment,62.608,1118,5600,Under Construction,Varthur,Bangalore
3 BHK,Apartment,84.84,1515,5600,Under Construction,Varthur,Bangalore
3 BHK,Apartment,77.448,1383,5600,Under Construction,Varthur,Bangalore
2 BHK,Apartment,61.264,1094,5600,Under Construction,Varthur,Bangalore
3 BHK,Apartment,83.44,1490,5600,Under Construction,Varthur,Bangalore
2 BHK,Apartment,60.368,1078,5600,Under Construction,Varthur,Bangalore
2 BHK,Apartment,60.312,1077,5600,Under Construction,Varthur,Bangalore
2 BHK,Apartment,55.048,983,5600,Under Construction,Varthur,Bangalore
2 BHK,Apartment,55.328,988,5600,Under Construction,Varthur,Bangalore
3 BHK,Apartment,81.536,1456,5600,Under Construction,Varthur,Bangalore
3 BHK,Apartment,81.704,1459,5600,Under Construction,Varthur,Bangalore
2 BHK,Apartment,54.656,976,5600,Under Construction,Varthur,Bangalore
3 BHK,Apartment,74.648,1333,5600,Under Construction,Varthur,Bangalore
2 BHK,Apartment,58.408,1043,5600,Under Construction,Varthur,Bangalore
2 BHK,Apartment,58.688,1048,5600,Under Construction,Varthur,Bangalore
2 BHK,Apartment,57.68,1030,5600,Under Construction,Varthur,Bangalore
3 BHK,Apartment,80.08,1430,5600,Under Construction,Varthur,Bangalore
3 BHK,Apartment,80.024,1429,5600,Under Construction,Varthur,Bangalore
2 BHK,Apartment,57.96,1035,5600,Under Construction,Varthur,Bangalore
2 BHK,Apartment,57.848,1033,5600,Under Construction,Varthur,Bangalore
2 BHK,Apartment,56.896,1016,5600,Under Construction,Varthur,Bangalore
3 BHK,Apartment,77.84,1390,5600,Under Construction,Varthur,Bangalore
2 BHK,Apartment,55.048,983,5600,Under Construction,Varthur,Bangalore
2 BHK,Apartment,55.328,988,5600,Under Construction,Varthur,Bangalore
3 BHK,Apartment,194.0686,1870,10378,Under Construction,Whitefield Hope Farm Junction,Bangalore
4 BHK,Apartment,260.3994,2580,10093,Under Construction,Whitefield Hope Farm Junction,Bangalore
4 BHK,Apartment,260.3994,2580,10093,Under Construction,Whitefield Hope Farm Junction,Bangalore
3 BHK,Apartment,200.5056,1920,10443,Under Construction,Whitefield Hope Farm Junction,Bangalore
3 BHK,Apartment,200.5056,1920,10443,Under Construction,Whitefield Hope Farm Junction,Bangalore
3 BHK,Apartment,164.0767,1655,9914,Under Construction,Whitefield Hope Farm Junction,Bangalore
3 BHK,Apartment,164.0767,1655,9914,Under Construction,Whitefield Hope Farm Junction,Bangalore
4 BHK,Apartment,554.9826,5260,10551,Ready to move,Hebbal,Bangalore
4 BHK,Apartment,529.9931,4865,10894,Ready to move,Hebbal,Bangalore
4 BHK,Apartment,439.992,3880,11340,Ready to move,Hebbal,Bangalore
3 BHK,Apartment,299.98776,2526,11876,Ready to move,Hebbal,Bangalore
4 BHK,Apartment,364.977,3210,11370,Ready to move,Hebbal,Bangalore
4 BHK,Apartment,420.964,3800,11078,Ready to move,Hebbal,Bangalore
4 BHK,Apartment,368.9844,3335,11064,Ready to move,Hebbal,Bangalore
4 BHK,Apartment,153.13025,2275,6731,Under Construction,Bettadasanapura,Bangalore
4 BHK,Apartment,153.13025,2275,6731,Under Construction,Bettadasanapura,Bangalore
4 BHK,Apartment,153.13025,2275,6731,Under Construction,Bettadasanapura,Bangalore
4 BHK,Apartment,153.13025,2275,6731,Under Construction,Bettadasanapura,Bangalore
3 BHK,Apartment,101.57245,1505,6749,Under Construction,Bettadasanapura,Bangalore
3 BHK,Apartment,101.57245,1505,6749,Under Construction,Bettadasanapura,Bangalore
4 BHK,Apartment,152.4798,2265,6732,Under Construction,Bettadasanapura,Bangalore
4 BHK,Apartment,152.4798,2265,6732,Under Construction,Bettadasanapura,Bangalore
3 BHK,Apartment,115.3166,1715,6724,Under Construction,Bettadasanapura,Bangalore
3 BHK,Apartment,115.3166,1715,6724,Under Construction,Bettadasanapura,Bangalore
3 BHK,Apartment,104.0606,1555,6692,Under Construction,Bettadasanapura,Bangalore
3 BHK,Apartment,104.0606,1555,6692,Under Construction,Bettadasanapura,Bangalore
2 BHK,Apartment,88.7964,1320,6727,Under Construction,Bettadasanapura,Bangalore
2 BHK,Apartment,88.7964,1320,6727,Under Construction,Bettadasanapura,Bangalore
2 BHK,Apartment,74.71185,1095,6823,Under Construction,Bettadasanapura,Bangalore
2 BHK,Apartment,74.71185,1095,6823,Under Construction,Bettadasanapura,Bangalore
2 BHK,Apartment,83.5539,1230,6793,Under Construction,Bettadasanapura,Bangalore
2 BHK,Apartment,83.5539,1230,6793,Under Construction,Bettadasanapura,Bangalore
2 BHK,Apartment,77.4249,1145,6762,Under Construction,Bettadasanapura,Bangalore
2 BHK,Apartment,77.4249,1145,6762,Under Construction,Bettadasanapura,Bangalore
3 BHK,Apartment,139.6008,2070,6744,Under Construction,Bettadasanapura,Bangalore
3 BHK,Apartment,139.6008,2070,6744,Under Construction,Bettadasanapura,Bangalore
3 BHK,Apartment,114.7928,1720,6674,Under Construction,Bettadasanapura,Bangalore
3 BHK,Apartment,114.7928,1720,6674,Under Construction,Bettadasanapura,Bangalore
3 BHK,Apartment,205.00452,786,26082,Under Construction,Borivali West,Mumbai
2 BHK,Apartment,118.895,553,21500,Under Construction,Dahisar,Mumbai
1 BHK,Apartment,19.6272,423,4640,Under Construction,Boisar,Mumbai
2 BHK,Apartment,50.8,1016,5000,Ready to move,Panvel,Mumbai
2 BHK,Apartment,49.71596,641,7756,Under Construction,Dombivali,Mumbai
1 BHK,Apartment,43.49886,426,10211,Under Construction,Vasai,Mumbai
1 BHK,Apartment,21.99915,249,8835,Under Construction,Badlapur West,Mumbai
3 BHK,Apartment,440.0,1100,40000,Under Construction,Andheri West,Mumbai
2 BHK,Apartment,144.99891,567,25573,Ready to move,Borivali East,Mumbai
1 BHK,Apartment,18.4899,330,5603,Under Construction,Rasayani,Mumbai
2 BHK,Apartment,59.3187,658,9015,Under Construction,Kalyan West,Mumbai
3 BHK,Apartment,73.94575,685,10795,Ready to move,Virar,Mumbai
1 BHK,Apartment,81.99906,429,19114,Under Construction,Thane West,Mumbai
2 BHK,Apartment,137.28,572,24000,Under Construction,Mulund West,Mumbai
2 BHK,Apartment,77.996,740,10540,Under Construction,Nilje Gaon,Mumbai
2 BHK,Apartment,144.96,604,24000,Under Construction,Jogeshwari East,Mumbai
1 BHK,Apartment,27.95798,386,7243,Ready to move,Taloja,Mumbai
3 BHK,Apartment,319.32452,1076,29677,Under Construction,Andheri East,Mumbai
1 BHK,Apartment,138.996,450,30888,Under Construction,Powai,Mumbai
1 BHK,Apartment,57.996,720,8055,Ready to move,Ulwe,Mumbai
2 BHK,Apartment,24.18768,528,4581,Ready to move,Karjat,Mumbai
2 BHK,Apartment,59.98848,876,6848,Under Construction,Panvel,Mumbai
3 BHK,Apartment,288.99588,778,37146,Under Construction,Santacruz East,Mumbai
2 BHK,Apartment,94.1052,659,14280,Under Construction,Mira Road East,Mumbai
5 BHK,Villa,199.00773,2921,6813,Under Construction,Boisar,Mumbai
1 BHK,Apartment,77.0,275,28000,Ready to move,Andheri West,Mumbai
2 BHK,Apartment,169.99872,592,28716,Under Construction,Malad East,Mumbai
2 BHK,Apartment,175.0,700,25000,Under Construction,Mulund West,Mumbai
2 BHK,Apartment,172.368,672,25650,Under Construction,Saki Naka,Mumbai
2 BHK,Apartment,220.3524,648,34005,Under Construction,Santacruz East,Mumbai
2 BHK,Apartment,36.98816,592,6248,Under Construction,Badlapur East,Mumbai
1 BHK,Apartment,22.988,560,4105,Under Construction,Khopoli,Mumbai
1 BHK,Apartment,107.7,359,30000,Under Construction,Andheri West,Mumbai
2 BHK,Apartment,126.99648,512,24804,Under Construction,Kurla,Mumbai
2 BHK,Apartment,123.99655,515,24077,Under Construction,Thane West,Mumbai
2 BHK,Apartment,225.9952,685,32992,Under Construction,Andheri West,Mumbai
1 BHK,Apartment,42.98976,396,10856,Under Construction,Thane West,Mumbai
3 BHK,Apartment,225.99,837,27000,Under Construction,Goregaon East,Mumbai
1 BHK,Apartment,24.50868,358,6846,Under Construction,Badlapur West,Mumbai
2 BHK,Apartment,145.99872,639,22848,Under Construction,Malad West,Mumbai
2 BHK,Apartment,129.49,563,23000,Ready to move,Kurla,Mumbai
2 BHK,Apartment,226.00116,868,26037,Under Construction,Borivali West,Mumbai
1 BHK,Apartment,93.31,434,21500,Under Construction,Dahisar,Mumbai
2 BHK,Apartment,51.44,643,8000,Under Construction,Vasai,Mumbai
1 RK ,Apartment,21.35,427,5000,Ready to move,Panvel,Mumbai
1 BHK,Apartment,39.1616,464,8440,Under Construction,Dombivali,Mumbai
2 BHK,Apartment,60.0015,543,11050,Under Construction,Vasai,Mumbai
1 BHK,Apartment,21.99915,249,8835,Under Construction,Badlapur West,Mumbai
2 BHK,Apartment,312.0,780,40000,Under Construction,Andheri West,Mumbai
2 BHK,Apartment,41.9985,765,5490,Under Construction,Rasayani,Mumbai
1 BHK,Apartment,43.6492,476,9170,Under Construction,Kalyan West,Mumbai
2 BHK,Apartment,49.94817,509,9813,Ready to move,Virar,Mumbai
2 BHK,Apartment,123.99456,636,19496,Under Construction,Thane West,Mumbai
2 BHK,Apartment,137.28,572,24000,Under Construction,Mulund West,Mumbai
1 BHK,Apartment,39.9988,380,10526,Under Construction,Nilje Gaon,Mumbai
2 BHK,Apartment,140.88,587,24000,Under Construction,Jogeshwari East,Mumbai
2 BHK,Apartment,44.43518,614,7237,Ready to move,Taloja,Mumbai
3 BHK,Apartment,319.32452,1076,29677,Under Construction,Andheri East,Mumbai
1 BHK,Apartment,138.996,450,30888,Under Construction,Powai,Mumbai
2 BHK,Apartment,89.9912,1105,8144,Ready to move,Ulwe,Mumbai
2 BHK,Apartment,24.18768,528,4581,Ready to move,Karjat,Mumbai
2 BHK,Apartment,181.30806,579,31314,Under Construction,Santacruz East,Mumbai
1 BHK,Apartment,69.64925,473,14725,Under Construction,Mira Road East,Mumbai
3 BHK,Villa,149.00031,2187,6813,Under Construction,Boisar,Mumbai
1 BHK,Apartment,147.99769,503,29423,Ready to move,Andheri West,Mumbai
2 BHK,Apartment,174.99924,613,28548,Under Construction,Malad East,Mumbai
2 BHK,Apartment,181.0,724,25000,Under Construction,Mulund West,Mumbai
1 BHK,Apartment,130.815,510,25650,Under Construction,Saki Naka,Mumbai
2 BHK,Apartment,240.38,707,34000,Under Construction,Santacruz East,Mumbai
1 BHK,Apartment,27.98906,451,6206,Under Construction,Badlapur East,Mumbai
1 BHK,Apartment,23.8006,590,4034,Under Construction,Khopoli,Mumbai
3 BHK,Apartment,247.5,825,30000,Under Construction,Andheri West,Mumbai
2 BHK,Apartment,134.99655,535,25233,Under Construction,Kurla,Mumbai
2 BHK,Apartment,141.99675,555,25585,Under Construction,Thane West,Mumbai
3 BHK,Apartment,407.99124,1236,33009,Under Construction,Andheri West,Mumbai
2 BHK,Apartment,103.0512,672,15335,Ready to move,Thane West,Mumbai
2 BHK,Apartment,164.16,608,27000,Under Construction,Goregaon East,Mumbai
2 BHK,Apartment,169.99632,702,24216,Under Construction,Malad West,Mumbai
2 BHK,Apartment,164.0016,630,26032,Under Construction,Borivali West,Mumbai
1 BHK,Apartment,84.28,392,21500,Under Construction,Dahisar,Mumbai
Residential Plot,Residential,5.0,1000,500,Resale,kasaradavali thane west,Mumbai
2 BHK,Apartment,181.30806,579,31314,Under Construction,Santacruz East,Mumbai
1 BHK,Apartment,69.64925,473,14725,Under Construction,Mira Road East,Mumbai
3 BHK,Apartment,137.99302,946,14587,Under Construction,Mira Road East,Mumbai
3 BHK,Apartment,137.99302,946,14587,Under Construction,Mira Road East,Mumbai
2 BHK,Apartment,94.98747,667,14241,Under Construction,Mira Road East,Mumbai
2 BHK,Apartment,94.98747,667,14241,Under Construction,Mira Road East,Mumbai
2 BHK,Apartment,97.13726,682,14243,Under Construction,Mira Road East,Mumbai
2 BHK,Apartment,97.13726,682,14243,Under Construction,Mira Road East,Mumbai
3 BHK,Villa,149.00031,2187,6813,Under Construction,Boisar,Mumbai
1 BHK,Apartment,132.99714,477,27882,Ready to move,Andheri West,Mumbai
1 BHK,Apartment,90.49746,307,29478,Ready to move,Andheri West,Mumbai
1 BHK,Apartment,116.9964,405,28888,Under Construction,Malad East,Mumbai
1 BHK,Apartment,130.815,510,25650,Under Construction,Saki Naka,Mumbai
2 BHK,Apartment,167.238,652,25650,Under Construction,Saki Naka,Mumbai
2 BHK,Apartment,167.238,652,25650,Under Construction,Saki Naka,Mumbai
3 BHK,Apartment,223.668,872,25650,Under Construction,Saki Naka,Mumbai
3 BHK,Apartment,223.668,872,25650,Under Construction,Saki Naka,Mumbai
1 BHK,Apartment,137.7405,537,25650,Under Construction,Saki Naka,Mumbai
1 BHK,Apartment,137.7405,537,25650,Under Construction,Saki Naka,Mumbai
3 BHK,Apartment,237.006,924,25650,Under Construction,Saki Naka,Mumbai
3 BHK,Apartment,237.006,924,25650,Under Construction,Saki Naka,Mumbai
2 BHK,Apartment,168.777,658,25650,Under Construction,Saki Naka,Mumbai
2 BHK,Apartment,168.777,658,25650,Under Construction,Saki Naka,Mumbai
1 BHK,Apartment,117.99,460,25650,Under Construction,Saki Naka,Mumbai
1 BHK,Apartment,117.99,460,25650,Under Construction,Saki Naka,Mumbai
3 BHK,Apartment,215.46,840,25650,Under Construction,Saki Naka,Mumbai
3 BHK,Apartment,215.46,840,25650,Under Construction,Saki Naka,Mumbai
3 BHK,Apartment,238.032,928,25650,Under Construction,Saki Naka,Mumbai
3 BHK,Apartment,238.032,928,25650,Under Construction,Saki Naka,Mumbai
2 BHK,Apartment,166.9815,651,25650,Under Construction,Saki Naka,Mumbai
2 BHK,Apartment,166.9815,651,25650,Under Construction,Saki Naka,Mumbai
2 BHK,Apartment,231.2,680,34000,Under Construction,Santacruz East,Mumbai
2 BHK,Apartment,245.48,722,34000,Under Construction,Santacruz East,Mumbai
2 BHK,Apartment,245.48,722,34000,Under Construction,Santacruz East,Mumbai
3 BHK,Apartment,332.18,977,34000,Under Construction,Santacruz East,Mumbai
3 BHK,Apartment,332.18,977,34000,Under Construction,Santacruz East,Mumbai
2 BHK,Apartment,296.48,872,34000,Under Construction,Santacruz East,Mumbai
2 BHK,Apartment,296.48,872,34000,Under Construction,Santacruz East,Mumbai
2 BHK,Apartment,243.44,716,34000,Under Construction,Santacruz East,Mumbai
2 BHK,Apartment,243.44,716,34000,Under Construction,Santacruz East,Mumbai
2 BHK,Apartment,241.7337,710,34047,Under Construction,Santacruz East,Mumbai
2 BHK,Apartment,241.7337,710,34047,Under Construction,Santacruz East,Mumbai
2 BHK,Apartment,305.66,899,34000,Under Construction,Santacruz East,Mumbai
2 BHK,Apartment,305.66,899,34000,Under Construction,Santacruz East,Mumbai
3 BHK,Apartment,341.36,1004,34000,Under Construction,Santacruz East,Mumbai
3 BHK,Apartment,341.36,1004,34000,Under Construction,Santacruz East,Mumbai
1 BHK,Apartment,24.9885,405,6170,Under Construction,Badlapur East,Mumbai
1 BHK,Apartment,25.98833,421,6173,Under Construction,Badlapur East,Mumbai
2 BHK,Apartment,36.35588,583,6236,Under Construction,Badlapur East,Mumbai
1 BHK,Apartment,28.2464,455,6208,Under Construction,Badlapur East,Mumbai
1 BHK,Apartment,157.99992,569,27768,Ready to move,Andheri West,Mumbai
2 BHK,Apartment,138.40142,461,30022,Under Construction,Andheri West,Mumbai
1 BHK,Apartment,110.14771,367,30013,Under Construction,Andheri West,Mumbai
3 BHK,Apartment,325.5,1085,30000,Under Construction,Andheri West,Mumbai
1 BHK,Apartment,47.98963,247,19429,Under Construction,Bhandup West,Mumbai
1 BHK,Apartment,68.98918,338,20411,Under Construction,Bhandup West,Mumbai
1 BHK,Apartment,49.98903,273,18311,Under Construction,Bhandup West,Mumbai
1 BHK,Apartment,72.9866,380,19207,Under Construction,Bhandup West,Mumbai
2 BHK,Apartment,90.98596,481,18916,Under Construction,Bhandup West,Mumbai
2 BHK,Apartment,157.99896,644,24534,Under Construction,Thane West,Mumbai
2 BHK,Apartment,123.99655,515,24077,Under Construction,Thane West,Mumbai
2 BHK,Apartment,157.99896,644,24534,Under Construction,Thane West,Mumbai
2 BHK,Apartment,164.9984,635,25984,Under Construction,Thane West,Mumbai
2 BHK,Apartment,164.9984,635,25984,Under Construction,Thane West,Mumbai
2 BHK,Apartment,42.99875,1025,4195,Under Construction,Khopoli,Mumbai
1 BHK,Apartment,26.1225,645,4050,Under Construction,Khopoli,Mumbai
2 BHK,Apartment,40.28755,995,4049,Under Construction,Khopoli,Mumbai
2 BHK,Apartment,35.64,880,4050,Under Construction,Khopoli,Mumbai
3 BHK,Apartment,407.99124,1236,33009,Under Construction,Andheri West,Mumbai
2 BHK,Apartment,147.42,546,27000,Under Construction,Goregaon East,Mumbai
2 BHK,Apartment,161.73,599,27000,Under Construction,Goregaon East,Mumbai
2 BHK,Apartment,157.14,582,27000,Under Construction,Goregaon East,Mumbai
2 BHK,Apartment,169.99632,702,24216,Under Construction,Malad West,Mumbai
2 BHK,Apartment,145.99872,639,22848,Under Construction,Malad West,Mumbai
2 BHK,Apartment,145.99872,639,22848,Under Construction,Malad West,Mumbai
2 BHK,Apartment,169.99632,702,24216,Under Construction,Malad West,Mumbai
2 BHK,Apartment,169.99632,702,24216,Under Construction,Malad West,Mumbai
2 BHK,Apartment,152.99361,669,22869,Under Construction,Malad West,Mumbai
2 BHK,Apartment,152.99361,669,22869,Under Construction,Malad West,Mumbai
2 BHK,Apartment,157.99744,692,22832,Under Construction,Malad West,Mumbai
2 BHK,Apartment,157.99744,692,22832,Under Construction,Malad West,Mumbai
2 BHK,Apartment,153.99654,642,23987,Under Construction,Malad West,Mumbai
2 BHK,Apartment,153.99654,642,23987,Under Construction,Malad West,Mumbai
2 BHK,Apartment,128.99757,591,21827,Under Construction,Malad West,Mumbai
2 BHK,Apartment,128.99757,591,21827,Under Construction,Malad West,Mumbai
2 BHK,Apartment,138.9952,640,21718,Under Construction,Malad West,Mumbai
2 BHK,Apartment,138.9952,640,21718,Under Construction,Malad West,Mumbai
2 BHK,Apartment,137.99644,634,21766,Under Construction,Malad West,Mumbai
2 BHK,Apartment,137.99644,634,21766,Under Construction,Malad West,Mumbai
2 BHK,Apartment,158.99742,698,22779,Under Construction,Malad West,Mumbai
2 BHK,Apartment,158.99742,698,22779,Under Construction,Malad West,Mumbai
2 BHK,Apartment,133.9962,615,21788,Under Construction,Malad West,Mumbai
2 BHK,Apartment,133.9962,615,21788,Under Construction,Malad West,Mumbai
1 BHK,Apartment,92.45,430,21500,Under Construction,Dahisar,Mumbai
1 BHK,Apartment,78.475,365,21500,Under Construction,Dahisar,Mumbai
2 BHK,Apartment,29.1856,629,4640,Under Construction,Boisar,Mumbai
1 BHK,Apartment,41.6,520,8000,Under Construction,Vasai,Mumbai
1 BHK,Apartment,22.77948,618,3686,Under Construction,Boisar,Mumbai
1 RK ,Apartment,9.7904,211,4640,Under Construction,Boisar,Mumbai
2 BHK,Apartment,51.44,643,8000,Under Construction,Vasai,Mumbai
1 BHK,Apartment,41.6,520,8000,Under Construction,Vasai,Mumbai
2 BHK,Apartment,25.5664,551,4640,Under Construction,Boisar,Mumbai
1 BHK,Apartment,16.936,365,4640,Under Construction,Boisar,Mumbai
1 BHK,Apartment,33.36,417,8000,Under Construction,Vasai,Mumbai
1 BHK,Apartment,36.8,460,8000,Under Construction,Vasai,Mumbai
1 RK ,Apartment,10.5328,227,4640,Under Construction,Boisar,Mumbai
2 BHK,Apartment,51.2,640,8000,Under Construction,Vasai,Mumbai
2 BHK,Apartment,30.11157,747,4031,Under Construction,Boisar,Mumbai
1 BHK,Apartment,37.04,463,8000,Under Construction,Vasai,Mumbai
2 BHK,Apartment,385.0,770,50000,Under Construction,Santacruz West,Mumbai
2 BHK,Apartment,385.0,770,50000,Under Construction,Santacruz West,Mumbai
3 BHK,Apartment,572.5,1145,50000,Under Construction,Santacruz West,Mumbai
3 BHK,Apartment,572.5,1145,50000,Under Construction,Santacruz West,Mumbai
3 BHK,Apartment,565.0,1130,50000,Under Construction,Santacruz West,Mumbai
3 BHK,Apartment,565.0,1130,50000,Under Construction,Santacruz West,Mumbai
2 BHK,Apartment,380.0,760,50000,Under Construction,Santacruz West,Mumbai
2 BHK,Apartment,380.0,760,50000,Under Construction,Santacruz West,Mumbai
3 BHK,Apartment,550.0,1100,50000,Under Construction,Santacruz West,Mumbai
3 BHK,Apartment,550.0,1100,50000,Under Construction,Santacruz West,Mumbai
2 BHK,Apartment,407.5,815,50000,Under Construction,Santacruz West,Mumbai
2 BHK,Apartment,407.5,815,50000,Under Construction,Santacruz West,Mumbai
2 BHK,Apartment,390.0,780,50000,Under Construction,Santacruz West,Mumbai
2 BHK,Apartment,390.0,780,50000,Under Construction,Santacruz West,Mumbai
1 BHK,Apartment,41.05,821,5000,Ready to move,Panvel,Mumbai
1 BHK,Apartment,31.7,634,5000,Ready to move,Panvel,Mumbai
2 BHK,Apartment,44.9,898,5000,Ready to move,Panvel,Mumbai
1 RK ,Apartment,24.35,487,5000,Ready to move,Panvel,Mumbai
1 BHK,Apartment,37.99875,375,10133,Under Construction,Vasai,Mumbai
1 BHK,Apartment,43.49886,426,10211,Under Construction,Vasai,Mumbai
1 BHK,Apartment,43.49886,426,10211,Under Construction,Vasai,Mumbai
2 BHK,Apartment,60.0015,543,11050,Under Construction,Vasai,Mumbai
2 BHK,Apartment,60.0015,543,11050,Under Construction,Vasai,Mumbai
1 BHK,Apartment,37.99875,375,10133,Under Construction,Vasai,Mumbai
1 BHK,Apartment,37.99875,375,10133,Under Construction,Vasai,Mumbai
1 BHK,Apartment,65.0,400,16250,Under Construction,Vikroli East,Mumbai
2 BHK,Apartment,124.99634,581,21514,Under Construction,Ghatkopar East,Mumbai
2 BHK,Apartment,119.99712,956,12552,Ready to move,Mira Road East,Mumbai
2 BHK,Apartment,110.99165,889,12485,Ready to move,Mira Road East,Mumbai
2 BHK,Apartment,104.99375,785,13375,Ready to move,Mira Road East,Mumbai
1 BHK,Apartment,32.0,400,8000,Under Construction,Kalyan East,Mumbai
1 BHK,Villa,18.4992,410,4512,Ready to move,Neral,Mumbai
1 BHK,Apartment,31.99,175,18280,Under Construction,Bhandup West,Mumbai
1 BHK,Apartment,21.99915,249,8835,Under Construction,Badlapur West,Mumbai
1 BHK,Apartment,21.99915,249,8835,Under Construction,Badlapur West,Mumbai
2 BHK,Apartment,35.9996,520,6923,Under Construction,Badlapur West,Mumbai
2 BHK,Apartment,35.9996,520,6923,Under Construction,Badlapur West,Mumbai
1 BHK,Apartment,24.99824,368,6793,Under Construction,Badlapur West,Mumbai
1 BHK,Apartment,24.99824,368,6793,Under Construction,Badlapur West,Mumbai
2 BHK,Apartment,32.3495,485,6670,Under Construction,Badlapur West,Mumbai
2 BHK,Apartment,32.3495,485,6670,Under Construction,Badlapur West,Mumbai
3 BHK,Apartment,440.0,1100,40000,Under Construction,Andheri West,Mumbai
2 BHK,Apartment,312.0,780,40000,Under Construction,Andheri West,Mumbai
1 BHK,Apartment,44.99765,685,6569,Ready to move,Kalyan West,Mumbai
2 BHK,Apartment,191.64068,602,31834,Under Construction,Santacruz East,Mumbai
3 BHK,Apartment,78.94972,788,10019,Ready to move,Virar,Mumbai
1 BHK,Apartment,35.98848,396,9088,Ready to move,Virar,Mumbai
2 BHK,Apartment,48.94722,483,10134,Ready to move,Virar,Mumbai
1 BHK,Apartment,34.9888,352,9940,Ready to move,Virar,Mumbai
2 BHK,Apartment,50.9479,499,10210,Ready to move,Virar,Mumbai
1 BHK,Apartment,36.68764,398,9218,Ready to move,Virar,Mumbai
2 BHK,Apartment,33.8985,930,3645,Under Construction,Kalyan West,Mumbai
2 BHK,Apartment,122.99466,629,19554,Under Construction,Thane West,Mumbai
1 BHK,Apartment,81.99906,429,19114,Under Construction,Thane West,Mumbai
1 BHK,Apartment,81.99906,429,19114,Under Construction,Thane West,Mumbai
2 BHK,Apartment,123.99456,636,19496,Under Construction,Thane West,Mumbai
2 BHK,Apartment,123.99456,636,19496,Under Construction,Thane West,Mumbai
2 BHK,Apartment,122.99466,629,19554,Under Construction,Thane West,Mumbai
2 BHK,Apartment,122.99466,629,19554,Under Construction,Thane West,Mumbai
1 BHK,Apartment,35.9975,425,8470,Under Construction,Dombivali,Mumbai
1 BHK,Apartment,35.9975,425,8470,Under Construction,Dombivali,Mumbai
2 BHK,Apartment,55.99902,651,8602,Under Construction,Dombivali,Mumbai
2 BHK,Apartment,55.99902,651,8602,Under Construction,Dombivali,Mumbai
1 BHK,Apartment,35.9975,425,8470,Under Construction,Dombivali,Mumbai
1 BHK,Apartment,35.9975,425,8470,Under Construction,Dombivali,Mumbai
2 BHK,Apartment,55.99902,651,8602,Under Construction,Dombivali,Mumbai
2 BHK,Apartment,55.99902,651,8602,Under Construction,Dombivali,Mumbai
1 BHK,Apartment,35.4978,780,4551,Ready to move,Kalyan West,Mumbai
1 BHK,Apartment,49.9884,330,15148,Ready to move,Thane West,Mumbai
1 BHK,Apartment,51.95764,343,15148,Ready to move,Thane West,Mumbai
2 BHK,Floor,21.996,450,4888,Ready to move,Sector 7 Dwarka,Delhi
1 BHK,Floor,23.0,500,4600,Under Construction,Sector 1 Rohini,Delhi
4 BHK,Independent House,649.9872,1440,45138,Ready to move,Sarai Rohilla,Delhi
4 BHK,Apartment,999.97155,3265,30627,Ready to move,Karampura,Delhi
3 BHK,Floor,249.984,1800,13888,Ready to move,Naraina,Delhi
2 BHK,Apartment,47.9952,720,6666,Ready to move,Jamia Nagar,Delhi
3 BHK,Floor,129.998,1100,11818,Ready to move,Jhil Mil Colony,Delhi
2 BHK,Apartment,61.992,1800,3444,Ready to move,Sector 1 Dwarka,Delhi
3 BHK,Floor,624.986,1900,32894,Ready to move,West End,Delhi
2 BHK,Apartment,89.99748,972,9259,Ready to move,mayur vihar phase 1,Delhi
2 BHK,Floor,33.9988,440,7727,Ready to move,Rohini sector 16,Delhi
3 BHK,Floor,34.992,900,3888,Ready to move,Dwarka Mor,Delhi
3 BHK,Floor,184.9905,1350,13703,Ready to move,Janakpuri,Delhi
2 BHK,Apartment,84.99984,732,11612,Ready to move,Sector 18 Rohini,Delhi
3 BHK,Floor,47.9952,864,5555,Ready to move,Rohini sector 24,Delhi
2 BHK,Floor,30.996,540,5740,Ready to move,Dwarka Mor,Delhi
4 BHK,Apartment,649.9845,4950,13131,Ready to move,Delhi,Delhi
2 BHK,Apartment,34.99928,802,4364,Ready to move,Palam,Delhi
4 BHK,Floor,124.9965,1350,9259,Ready to move,Ashok Vihar,Delhi
3 BHK,Floor,43.992,900,4888,Ready to move,Mahavir Enclave,Delhi
2 BHK,Floor,38.0,500,7600,Ready to move,Sudarshan Park,Delhi
2 BHK,Apartment,149.996,1100,13636,Ready to move,Alaknanda,Delhi
2 BHK,Apartment,47.9905,1025,4682,Ready to move,Mahavir Enclave,Delhi
4 BHK,Floor,600.0,4800,12500,Ready to move,Rajouri Garden,Delhi
3 BHK,Apartment,159.9885,1350,11851,Ready to move,Okhla,Delhi
3 BHK,Apartment,34.99474,803,4358,Ready to move,Dwarka Mor,Delhi
3 BHK,Apartment,129.9925,1450,8965,Ready to move,Paschim Vihar,Delhi
4 BHK,Floor,229.9807,2045,11246,Ready to move,Krishna Nagar,Delhi
2 BHK,Floor,18.995,580,3275,Ready to move,Uttam Nagar,Delhi
3 BHK,Apartment,74.99233,1337,5609,Ready to move,Chattarpur,Delhi
3 BHK,Floor,50.496,800,6312,Ready to move,Uttam Nagar,Delhi
5 BHK,Independent House,1274.9184,8640,14756,Ready to move,Punjabi Bagh,Delhi
2 BHK,Apartment,88.0,1100,8000,Ready to move,Sector 17 Dwarka,Delhi
3 BHK,Floor,174.993,1365,12820,Ready to move,laxmi nagar,Delhi
3 BHK,Floor,51.0,1000,5100,Ready to move,Manglapuri,Delhi
2 BHK,Floor,59.9967,810,7407,Ready to move,Krishna Nagar,Delhi
2 BHK,Floor,37.995,750,5066,Ready to move,Khirki Extension,Delhi
2 BHK,Apartment,37.999,925,4108,Ready to move,Sector 10 Dwarka,Delhi
2 BHK,Floor,35.0,500,7000,Ready to move,laxmi nagar,Delhi
5 BHK,Floor,724.968,3600,20138,Ready to move,Karol Bagh,Delhi
2 BHK,Floor,14.99553,459,3267,Under Construction,Razapur Khurd,Delhi
2 BHK,Apartment,29.0,500,5800,Ready to move,Uttam Nagar,Delhi
2 BHK,Independent House,18.99855,405,4691,Ready to move,Dwarka Mor,Delhi
4 BHK,Floor,549.972,3600,15277,Ready to move,Sector 23 Rohini,Delhi
3 BHK,Floor,54.99,1125,4888,Ready to move,Chattarpur,Delhi
3 BHK,Floor,62.991,1350,4666,Ready to move,Shahdara,Delhi
3 BHK,Floor,34.9965,990,3535,Ready to move,Dwarka Mor,Delhi
1 BHK,Apartment,55.79808,442,12624,Ready to move,Sector 14 Dwarka,Delhi
5 BHK,Floor,210.0,2500,8400,Ready to move,Tilak Nagar,Delhi
4 BHK,Floor,239.0,2000,11950,Ready to move,Tilak Nagar,Delhi
1 BHK,Apartment,32.08,500,6416,Ready to move,Johripur,Delhi
2 BHK,Floor,84.9975,750,11333,Ready to move,Janakpuri,Delhi
3 BHK,Floor,74.998,1100,6818,Under Construction,Sector 1 Dwarka,Delhi
2 BHK,Floor,34.9965,550,6363,Ready to move,Mahavir Enclave,Delhi
2 BHK,Floor,41.9976,720,5833,Ready to move,Dwarka Mor,Delhi
4 BHK,Floor,334.984,2600,12884,Ready to move,Saket,Delhi
2 BHK,Apartment,110.0,1100,10000,Ready to move,Subhash Nagar,Delhi
2 BHK,Floor,24.99948,642,3894,Under Construction,Hastsal,Delhi
2 BHK,Floor,47.99628,684,7017,Under Construction,Sarai Rohilla,Delhi
3 BHK,Apartment,64.99584,1152,5642,Under Construction,Chattarpur,Delhi
4 BHK,Floor,614.9745,3150,19523,Ready to move,Chittaranjan Park,Delhi
2 BHK,Floor,31.995,750,4266,Under Construction,Chattarpur,Delhi
3 BHK,Apartment,204.99,1500,13666,Ready to move,Lajpat Nagar III,Delhi
5 BHK,Independent House,89.991,1650,5454,Ready to move,Tri Nagar,Delhi
1 BHK,Apartment,57.0,500,11400,Ready to move,Vasant Kunj,Delhi
2 BHK,Apartment,39.9945,650,6153,Ready to move,Kalkaji,Delhi
2 BHK,Floor,90.0,720,12500,Ready to move,Sector 19 Dwarka,Delhi
2 BHK,Floor,45.9999,810,5679,Ready to move,Tilak Nagar,Delhi
2 BHK,Apartment,21.4974,540,3981,Ready to move,Nawada,Delhi
2 BHK,Floor,24.999,650,3846,Ready to move,Dwarka Mor,Delhi
4 BHK,Floor,249.984,1800,13888,Ready to move,Malviya Nagar,Delhi
3 BHK,Apartment,49.995,1100,4545,Ready to move,Chattarpur,Delhi
2 BHK,Apartment,124.992,930,13440,Ready to move,Sector 13 Rohini,Delhi
3 BHK,Apartment,279.99,1800,15555,Ready to move,Sector 2 Dwarka,Delhi
2 BHK,Floor,31.9995,585,5470,Ready to move,Dwarka Mor,Delhi
3 BHK,Apartment,180.0,1200,15000,Ready to move,Sector 13 Rohini,Delhi
2 BHK,Apartment,23.0,625,3680,Ready to move,Tara Nagar,Delhi
2 BHK,Apartment,199.99038,986,20283,Ready to move,Sector 13 Rohini,Delhi
1 BHK,Apartment,18.5,500,3700,Ready to move,Jamia Nagar,Delhi
3 BHK,Floor,64.992,1200,5416,Ready to move,Badarpur,Delhi
4 BHK,Floor,57.992,1100,5272,Ready to move,Dwarka Mor,Delhi
3 BHK,Floor,44.0,1000,4400,Ready to move,Dwarka Mor,Delhi
1 BHK,Floor,25.0,500,5000,Ready to move,Sector 1 Rohini,Delhi
3 BHK,Floor,599.982,1900,31578,Ready to move,Anand Niketan,Delhi
1 BHK,Floor,18.0,360,5000,Ready to move,Dwarka Mor,Delhi
3 BHK,Apartment,129.9925,1450,8965,Ready to move,Paschim Vihar,Delhi
2 BHK,Floor,110.9952,960,11562,Ready to move,Subhash Nagar,Delhi
2 BHK,Floor,89.9976,840,10714,Ready to move,vikaspuri,Delhi
3 BHK,Floor,349.992,1800,19444,Ready to move,Lajpat Nagar,Delhi
3 BHK,Apartment,61.99865,1535,4039,Ready to move,Bijwasan,Delhi
3 BHK,Floor,47.9895,1150,4173,Under Construction,Chattarpur,Delhi
2 BHK,Floor,32.0,800,4000,Ready to move,Khirki Extension,Delhi
3 BHK,Apartment,179.998,1150,15652,Ready to move,Sector 13 Rohini,Delhi
3 BHK,Floor,79.992,1100,7272,Under Construction,Ganesh Nagar,Delhi
2 BHK,Apartment,22.99725,675,3407,Ready to move,Mundka,Delhi
3 BHK,Floor,99.9945,1350,7407,Ready to move,Sagar Pur,Delhi
3 BHK,Independent House,35.74615,631,5665,Ready to move,Saboli,Delhi
2 BHK,Apartment,79.992,1100,7272,Ready to move,Dilshad Colony,Delhi
2 BHK,Apartment,26.49465,585,4529,Ready to move,Badarpur,Delhi
2 BHK,Apartment,38.0,1000,3800,Ready to move,Burari,Delhi
4 BHK,Floor,549.99,2700,20370,Ready to move,Greater kailash 1,Delhi
1 RK ,Apartment,25.998,350,7428,Ready to move,Karampura,Delhi
5 BHK,Apartment,62.0,2000,3100,Ready to move,Hastsal,Delhi
1 BHK,Apartment,18.0,450,4000,Ready to move,Chirag Dilli,Delhi
2 BHK,Floor,43.0,800,5375,Ready to move,Bindapur,Delhi
7 BHK,Independent House,749.998,2900,25862,Ready to move,Sector 3 Rohini,Delhi
3 BHK,Floor,124.992,1200,10416,Ready to move,Krishna Nagar,Delhi
3 BHK,Floor,155.0,1250,12400,Ready to move,vikaspuri,Delhi
2 BHK,Floor,27.99486,522,5363,Ready to move,Uttam Nagar,Delhi
4 BHK,Apartment,274.995,2700,10185,Ready to move,Model Town,Delhi
1 BHK,Floor,15.0,400,3750,Ready to move,Mehrauli,Delhi
1 BHK,Floor,15.0,400,3750,Ready to move,Mehrauli,Delhi
2 BHK,Apartment,90.0,900,10000,Ready to move,Sector 23 Rohini,Delhi
5 BHK,Floor,149.985,2750,5454,Ready to move,Shahdara,Delhi
4 BHK,Floor,64.992,1200,5416,Ready to move,Chattarpur,Delhi
2 BHK,Floor,52.5,700,7500,Ready to move,Sector 21 Rohini,Delhi
3 BHK,Apartment,179.9985,1650,10909,Ready to move,Sector 13 Rohini,Delhi
2 BHK,Floor,54.999,900,6111,Ready to move,Krishna Nagar,Delhi
2 BHK,Apartment,26.0,650,4000,Ready to move,Uttam Nagar,Delhi
3 BHK,Floor,59.994,900,6666,Ready to move,Uttam Nagar,Delhi
5 BHK,Apartment,250.0,2500,10000,Ready to move,Rangpuri,Delhi
3 BHK,Floor,44.0,1000,4400,Ready to move,Uttam Nagar,Delhi
1 BHK,Floor,41.0,500,8200,Ready to move,Rohini sector 24,Delhi
3 BHK,Apartment,149.9925,1050,14285,Under Construction,Sector 15 Rohini,Delhi
3 BHK,Apartment,150.0,1200,12500,Ready to move,Sector 25 Rohini,Delhi
3 BHK,Floor,309.995,1700,18235,Ready to move,Pitampura,Delhi
3 BHK,Floor,140.0,1250,11200,Ready to move,vikaspuri,Delhi
2 BHK,Floor,83.5,1000,8350,Ready to move,vikaspuri,Delhi
3 BHK,Floor,145.0,1250,11600,Ready to move,vikaspuri,Delhi
4 BHK,Independent House,52.0,2500,2080,Ready to move,Uttam Nagar,Delhi
9 BHK,Independent House,148.986,5400,2759,Ready to move,Uttam Nagar,Delhi
9 BHK,Independent House,148.986,5400,2759,Ready to move,Uttam Nagar,Delhi
9 BHK,Independent House,148.986,5400,2759,Ready to move,Uttam Nagar,Delhi
5 BHK,Independent House,137.97,5400,2555,Ready to move,Uttam Nagar,Delhi
9 BHK,Independent House,148.986,5400,2759,Ready to move,Uttam Nagar,Delhi
9 BHK,Independent House,148.986,5400,2759,Ready to move,Uttam Nagar,Delhi
9 BHK,Independent House,148.986,5400,2759,Ready to move,Uttam Nagar,Delhi
9 BHK,Independent House,148.986,5400,2759,Ready to move,Uttam Nagar,Delhi
9 BHK,Independent House,148.986,5400,2759,Ready to move,Uttam Nagar,Delhi
2 BHK,Floor,24.9964,520,4807,Ready to move,Dwarka Mor,Delhi
2 BHK,Floor,24.9964,520,4807,Ready to move,Dwarka Mor,Delhi
2 BHK,Floor,24.9964,520,4807,Ready to move,Dwarka Mor,Delhi
2 BHK,Floor,24.9964,520,4807,Ready to move,Dwarka Mor,Delhi
2 BHK,Floor,24.9964,520,4807,Ready to move,Dwarka Mor,Delhi
2 BHK,Floor,24.9964,520,4807,Ready to move,Dwarka Mor,Delhi
3 BHK,Apartment,299.985,2100,14285,Ready to move,Sukhdev Vihar,Delhi
7 BHK,Independent House,55.0,2500,2200,Ready to move,Sangam Vihar,Delhi
7 BHK,Independent House,55.0,2500,2200,Ready to move,Sangam Vihar,Delhi
7 BHK,Independent House,55.0,2500,2200,Ready to move,Sangam Vihar,Delhi
3 BHK,Floor,140.0,1250,11200,Ready to move,vikaspuri,Delhi
3 BHK,Floor,140.0,1250,11200,Ready to move,vikaspuri,Delhi
3 BHK,Floor,140.0,1250,11200,Ready to move,vikaspuri,Delhi
3 BHK,Floor,140.0,1250,11200,Ready to move,vikaspuri,Delhi
3 BHK,Floor,140.0,1250,11200,Ready to move,vikaspuri,Delhi
3 BHK,Floor,140.0,1250,11200,Ready to move,vikaspuri,Delhi
3 BHK,Floor,140.0,1250,11200,Ready to move,vikaspuri,Delhi
3 BHK,Floor,140.0,1250,11200,Ready to move,vikaspuri,Delhi
3 BHK,Floor,140.0,1250,11200,Ready to move,vikaspuri,Delhi
3 BHK,Floor,140.0,1250,11200,Ready to move,vikaspuri,Delhi
3 BHK,Floor,140.0,1250,11200,Ready to move,vikaspuri,Delhi
3 BHK,Floor,140.0,1250,11200,Ready to move,vikaspuri,Delhi
1 BHK,Independent House,31.0,400,7750,Ready to move,Shalimar Bagh,Delhi
1 BHK,Independent House,31.0,400,7750,Ready to move,Shalimar Bagh,Delhi
1 BHK,Independent House,31.0,400,7750,Ready to move,Shalimar Bagh,Delhi
1 BHK,Independent House,31.0,400,7750,Ready to move,Shalimar Bagh,Delhi
1 BHK,Independent House,28.5,400,7125,Ready to move,Shalimar Bagh,Delhi
1 BHK,Independent House,28.5,400,7125,Ready to move,Shalimar Bagh,Delhi
1 BHK,Independent House,28.5,400,7125,Ready to move,Shalimar Bagh,Delhi
1 BHK,Independent House,28.5,400,7125,Ready to move,Shalimar Bagh,Delhi
1 BHK,Independent House,28.5,400,7125,Ready to move,Shalimar Bagh,Delhi
1 BHK,Independent House,28.5,400,7125,Ready to move,Shalimar Bagh,Delhi
1 BHK,Independent House,28.5,400,7125,Ready to move,Shalimar Bagh,Delhi
1 BHK,Independent House,31.0,400,7750,Ready to move,Shalimar Bagh,Delhi
1 BHK,Independent House,31.0,400,7750,Ready to move,Shalimar Bagh,Delhi
1 BHK,Independent House,28.5,400,7125,Ready to move,Shalimar Bagh,Delhi
1 BHK,Independent House,28.5,400,7125,Ready to move,Shalimar Bagh,Delhi
1 BHK,Independent House,28.5,400,7125,Ready to move,Shalimar Bagh,Delhi
1 BHK,Independent House,28.5,400,7125,Ready to move,Shalimar Bagh,Delhi
1 BHK,Independent House,28.5,400,7125,Ready to move,Shalimar Bagh,Delhi
3 BHK,Floor,63.0,1000,6300,Under Construction,Dwarka Mor,Delhi
3 BHK,Floor,37.989,700,5427,Ready to move,Mansa Ram Park,Delhi
3 BHK,Floor,349.9848,1782,19640,Ready to move,Surajmal Vihar,Delhi
2 BHK,Apartment,98.0,1000,9800,Ready to move,New Ashok Nagar,Delhi
2 BHK,Apartment,26.0,650,4000,Ready to move,Sewak Park,Delhi
2 BHK,Apartment,26.0,650,4000,Ready to move,Sewak Park,Delhi
2 BHK,Floor,20.997,450,4666,Ready to move,Uttam Nagar,Delhi
3 BHK,Apartment,64.998,900,7222,Ready to move,Sector 1 Dwarka,Delhi
2 BHK,Floor,22.999,545,4220,Ready to move,Mahavir Enclave,Delhi
3 BHK,Floor,64.999,1100,5909,Ready to move,Bindapur,Delhi
3 BHK,Floor,64.999,1100,5909,Ready to move,Bindapur,Delhi
3 BHK,Floor,64.999,1100,5909,Ready to move,Bindapur,Delhi
Residential Plot,Residential,399.996,1800,22222,Resale,West Sagarpur,Delhi
Residential Plot,Residential,8.9955,450,1999,Resale,Najafgarh,Delhi
Residential Plot,Residential,29.997,675,4444,Resale,Baprola,Delhi
Residential Plot,Residential,12.99809,337,3857,Resale,Baprola,Delhi
Residential Plot,Residential,299.988,1800,16666,Resale,Sector 23 Dwarka,Delhi
2 BHK,Apartment,30.996,600,5166,Ready to move,Uttam Nagar,Delhi
3 BHK,Floor,128.0,1250,10240,Ready to move,Budh Vihar,Delhi
3 BHK,Floor,89.995,820,10975,Ready to move,Rohini sector 24,Delhi
3 BHK,Floor,86.9938,820,10609,Ready to move,Rohini sector 24,Delhi
4 BHK,Apartment,419.976,3800,11052,Ready to move,Paschim Vihar,Delhi
1 BHK,Apartment,19.4985,450,4333,Ready to move,Uttam Nagar,Delhi
3 BHK,Floor,70.0,1000,7000,Ready to move,Sector 28 Rohini,Delhi
4 BHK,Floor,360.0,3600,10000,Ready to move,Sector 25 Rohini,Delhi
3 BHK,Floor,82.0,1000,8200,Ready to move,Budh Vihar,Delhi
4 BHK,Floor,359.974,3800,9473,Ready to move,Rohini sector 24,Delhi
4 BHK,Floor,234.99,1800,13055,Ready to move,Rohini sector 24,Delhi
4 BHK,Floor,165.0,1500,11000,Ready to move,Rohini sector 24,Delhi
3 BHK,Floor,84.99,1500,5666,Ready to move,Sector 23 Rohini,Delhi
3 BHK,Floor,85.995,1300,6615,Ready to move,Sector 21 Rohini,Delhi
3 BHK,Floor,96.993,1300,7461,Ready to move,Sector 22 Rohini,Delhi
3 BHK,Floor,109.998,1400,7857,Ready to move,Sector 22 Rohini,Delhi
3 BHK,Floor,94.991,1300,7307,Ready to move,Sector 22 Rohini,Delhi
3 BHK,Floor,162.0,1500,10800,Ready to move,Rohini sector 24,Delhi
3 BHK,Floor,101.997,900,11333,Ready to move,Rohini sector 24,Delhi
3 BHK,Floor,99.999,900,11111,Ready to move,Rohini sector 24,Delhi
3 BHK,Floor,85.995,900,9555,Ready to move,Sector 23 Rohini,Delhi
3 BHK,Floor,75.996,900,8444,Ready to move,Sector 23 Rohini,Delhi
3 BHK,Floor,98.496,900,10944,Ready to move,Rohini sector 24,Delhi
3 BHK,Apartment,53.2004,1070,4972,Ready to move,Uttam Nagar,Delhi
3 BHK,Apartment,47.80195,895,5341,Ready to move,Uttam Nagar,Delhi
3 BHK,Apartment,40.50375,875,4629,Ready to move,Uttam Nagar,Delhi
2 BHK,Apartment,28.71,725,3960,Ready to move,Uttam Nagar,Delhi
2 BHK,Apartment,26.748,600,4458,Ready to move,Uttam Nagar,Delhi
3 BHK,Apartment,72.105,1375,5244,Ready to move,Uttam Nagar,Delhi
3 BHK,Apartment,38.709,850,4554,Ready to move,Uttam Nagar,Delhi
2 BHK,Apartment,27.7485,650,4269,Ready to move,Uttam Nagar,Delhi
2 BHK,Apartment,27.9956,680,4117,Ready to move,Uttam Nagar,Delhi
2 BHK,Apartment,27.5,625,4400,Ready to move,Uttam Nagar,Delhi
3 BHK,Apartment,43.61,875,4984,Ready to move,Uttam Nagar,Delhi
1 BHK,Apartment,17.2095,550,3129,Ready to move,Uttam Nagar,Delhi
3 BHK,Apartment,45.6025,850,5365,Ready to move,Uttam Nagar,Delhi
3 BHK,Apartment,41.096,800,5137,Ready to move,Uttam Nagar,Delhi
2 BHK,Apartment,25.9956,540,4814,Ready to move,Uttam Nagar,Delhi
1 BHK,Apartment,16.0,400,4000,Ready to move,Uttam Nagar,Delhi
2 BHK,Apartment,27.0,600,4500,Ready to move,Uttam Nagar,Delhi
2 BHK,Apartment,27.794,650,4276,Ready to move,Uttam Nagar,Delhi
2 BHK,Apartment,26.7475,650,4115,Ready to move,Uttam Nagar,Delhi
1 BHK,Apartment,18.21,600,3035,Ready to move,Uttam Nagar,Delhi
2 BHK,Apartment,26.508,600,4418,Ready to move,Uttam Nagar,Delhi
2 BHK,Apartment,29.995,700,4285,Ready to move,Uttam Nagar,Delhi
6 BHK,Independent House,2499.98229,3627,68927,Ready to move,Neeti Bagh,Delhi
1 BHK,Apartment,17.9974,580,3103,Ready to move,Uttam Nagar,Delhi
6 BHK,Independent House,1899.99,2700,70370,Ready to move,Panchsheel Park,Delhi
3 BHK,Apartment,51.243,950,5394,Ready to move,Uttam Nagar,Delhi
3 BHK,Apartment,59.5035,1050,5667,Ready to move,Uttam Nagar,Delhi
3 BHK,Apartment,72.105,1375,5244,Ready to move,Uttam Nagar,Delhi
3 BHK,Floor,47.6085,850,5601,Ready to move,Uttam Nagar,Delhi
3 BHK,Apartment,48.50625,995,4875,Ready to move,Uttam Nagar,Delhi
3 BHK,Apartment,51.192,900,5688,Ready to move,Uttam Nagar,Delhi
3 BHK,Floor,44.2098,810,5458,Ready to move,Uttam Nagar,Delhi
3 BHK,Apartment,38.505,850,4530,Ready to move,Uttam Nagar,Delhi
4 BHK,Floor,165.998,1400,11857,Ready to move,Rohini sector 24,Delhi
4 BHK,Floor,439.964,3800,11578,Ready to move,Sector 23 Rohini,Delhi
3 BHK,Floor,384.979,2150,17906,Ready to move,Chittaranjan Park,Delhi
3 BHK,Floor,199.99125,1125,17777,Ready to move,Chittaranjan Park,Delhi
3 BHK,Floor,364.982,2050,17804,Ready to move,Chittaranjan Park,Delhi
3 BHK,Floor,264.9875,1450,18275,Ready to move,Chittaranjan Park,Delhi
3 BHK,Floor,399.982,2200,18181,Ready to move,Chittaranjan Park,Delhi
3 BHK,Floor,300.0,1600,18750,Ready to move,Chittaranjan Park,Delhi
Residential Plot,Residential,158.976,2700,5888,New,Carambolim,Goa
5 BHK,Villa,760.13608,4894,15532,Under Construction,Parra,Goa
4 BHK,Villa,724.978,3700,19594,Under Construction,Assagao,Goa
4 BHK,Apartment,114.99264,2304,4991,Ready to move,Socorro,Goa
2 BHK,Apartment,129.0,1000,12900,Ready to move,Arpora,Goa
4 BHK,Independent House,264.988,3100,8548,Ready to move,Povorim,Goa
3 BHK,Apartment,114.99776,1549,7424,Ready to move,Salcete,Goa
1 BHK,Floor,59.99232,1088,5514,Ready to move,Alto Porvorim,Goa
2 BHK,Apartment,149.98942,1582,9481,Ready to move,Dona Paula,Goa
2 BHK,Apartment,50.8344,944,5385,Under Construction,Dabolim,Goa
2 BHK,Villa,119.99845,1291,9295,Ready to move,Kadamba,Goa
2 BHK,Apartment,109.9936,1184,9290,Under Construction,Socorro,Goa
5 BHK,Independent House,479.95925,4111,11675,Ready to move,Povorim,Goa
3 BHK,Apartment,59.99,1750,3428,Ready to move,Sancoale,Goa
Residential Plot,Residential,250.0,2500,10000,New,Sancoale,Goa
2 BHK,Villa,318.529,1700,18737,Ready to move,Siolim,Goa
2 BHK,Apartment,59.99448,861,6968,Ready to move,Calangute,Goa
5 BHK,Independent House,499.98,6000,8333,Ready to move,Penha de Franca,Goa
2 BHK,Apartment,69.992,1300,5384,Ready to move,Kadamba,Goa
1 BHK,Apartment,29.995,700,4285,Ready to move,Salcete,Goa
4 BHK,Independent House,179.96214,4413,4078,Ready to move,Mapusa,Goa
2 BHK,Apartment,147.9924,1080,13703,Ready to move,Candolim,Goa
3 BHK,Apartment,249.98741,2011,12431,Ready to move,Taleigao,Goa
4 BHK,Villa,995.0,5000,19900,Under Construction,Chapora,Goa
3 BHK,Villa,129.9952,2260,5752,Ready to move,Sancoale,Goa
1 BHK,Apartment,39.9978,823,4860,Ready to move,Dabolim,Goa
1 BHK,Apartment,34.99413,677,5169,Ready to move,Dabolim,Goa
5 BHK,Apartment,299.9888,4304,6970,Ready to move,Povorim,Goa
2 BHK,Apartment,84.9972,965,8808,Ready to move,Dabolim,Goa
4 BHK,Villa,549.982,3767,14600,Under Construction,Penha de Franca,Goa
3 BHK,Villa,459.98758,2522,18239,Ready to move,Siolim,Goa
4 BHK,Villa,389.994,2200,17727,Ready to move,Arpora,Goa
3 BHK,Villa,599.9805,3150,19047,Under Construction,Anjuna,Goa
2 BHK,Apartment,51.99382,1054,4933,Ready to move,Salcete,Goa
4 BHK,Villa,94.99228,1831,5188,Under Construction,Marcel,Goa
2 BHK,Apartment,144.989,1300,11153,Ready to move,Socorro,Goa
4 BHK,Villa,665.12992,4732,14056,Under Construction,Parra,Goa
3 BHK,Apartment,122.9868,2152,5715,Ready to move,Alto Porvorim,Goa
3 BHK,Apartment,59.99,1750,3428,Ready to move,Sancoale,Goa
3 BHK,Independent House,180.0,2000,9000,Ready to move,St Estevam,Goa
4 BHK,Independent House,399.9636,5532,7230,Ready to move,Sateri Nagar Colony,Goa
5 BHK,Villa,799.992,4100,19512,Under Construction,Anjuna,Goa
4 BHK,Apartment,399.99485,2195,18223,Ready to move,Anjuna,Goa
3 BHK,Villa,153.98768,2552,6034,Under Construction,Corlim,Goa
5 BHK,Villa,750.0,7500,10000,Ready to move,Naicavaddo,Goa
2 BHK,Apartment,139.995,1098,12750,Under Construction,Calangute,Goa
3 BHK,Villa,289.98648,2131,13608,Ready to move,Assagao,Goa
3 BHK,Apartment,189.97856,2152,8828,Ready to move,Povorim,Goa
4 BHK,Villa,899.97592,4552,19771,Ready to move,Sateri Nagar Colony,Goa
3 BHK,Apartment,338.0,2500,13520,Under Construction,Dona Paula,Goa
1 BHK,Apartment,61.9941,795,7798,Ready to move,Arpora,Goa
2 BHK,Apartment,84.997,1100,7727,Ready to move,Dabolim,Goa
2 BHK,Apartment,164.99,1400,11785,Ready to move,Socorro,Goa
2 BHK,Villa,139.99793,1399,10007,Ready to move,Kadamba,Goa
4 BHK,Villa,94.99228,1831,5188,Under Construction,Marcel,Goa
3 BHK,Apartment,74.994,1450,5172,Ready to move,Margao,Goa
10 BH,Independent House,1199.96687,10763,11149,Ready to move,Assagao,Goa
3 BHK,Villa,599.99616,3888,15432,Ready to move,Calangute,Goa
4 BHK,Villa,665.12992,4732,14056,Under Construction,Parra,Goa
3 BHK,Apartment,59.99,1750,3428,Ready to move,Sancoale,Goa
2 BHK,Apartment,69.9975,915,7650,Ready to move,Nuvem,Goa
2 BHK,Apartment,67.998,1050,6476,Ready to move,Velha,Goa
2 BHK,Apartment,54.99396,973,5652,Ready to move,Mapusa,Goa
3 BHK,Independent House,67.56486,1002,6743,Ready to move,Chimbel,Goa
2 BHK,Apartment,149.98896,1122,13368,Ready to move,Dona Paula,Goa
4 BHK,Floor,374.9625,4950,7575,Ready to move,Povorim,Goa
2 BHK,Apartment,69.99372,1026,6822,Ready to move,Povorim,Goa
2 BHK,Apartment,62.0,1000,6200,Ready to move,Mapusa,Goa
2 BHK,Apartment,179.99328,1614,11152,Under Construction,Arpora,Goa
3 BHK,Apartment,149.98788,1484,10107,Ready to move,Dona Paula,Goa
4 BHK,Villa,550.0,4000,13750,Under Construction,Sateri Nagar Colony,Goa
2 BHK,Apartment,64.99697,1151,5647,Ready to move,Socorro,Goa
3 BHK,Penthouse,101.12517,2421,4177,Ready to move,Mapusa,Goa
4 BHK,Villa,549.97056,3708,14832,Under Construction,Siolim,Goa
2 BHK,Apartment,154.9952,1280,12109,Ready to move,Caranzalem,Goa
2 BHK,Apartment,57.2957,1063,5390,Under Construction,Dabolim,Goa
2 BHK,Apartment,49.99912,1208,4139,Ready to move,Tivim,Goa
2 BHK,Apartment,65.9904,1120,5892,Ready to move,Margao,Goa
3 BHK,Apartment,133.10178,933,14266,Under Construction,Taleigao,Goa
3 BHK,Independent House,66.63882,989,6738,Ready to move,Chimbel,Goa
3 BHK,Villa,471.99738,3467,13614,Under Construction,Parra,Goa
3 BHK,Villa,471.99738,3467,13614,Under Construction,Parra,Goa
2 BHK,Independent House,56.72545,841,6745,Ready to move,Chimbel,Goa
3 BHK,Apartment,74.9925,1350,5555,Ready to move,Salcete,Goa
3 BHK,Villa,149.983,2300,6521,Ready to move,Salcete,Goa
3 BHK,Villa,119.994,2100,5714,Ready to move,Salcete,Goa
Residential Plot,Residential,66.0,5000,1320,Resale,Salcete,Goa
Residential Plot,Residential,70.0,5000,1400,Resale,Salcete,Goa
4 BHK,Villa,179.9864,2260,7964,Ready to move,Mapusa,Goa
3 BHK,Villa,329.9856,1960,16836,Ready to move,Anjuna,Goa
4 BHK,Independent House,449.98272,3498,12864,Ready to move,Naicavaddo,Goa
4 BHK,Independent House,489.9704,4036,12140,Ready to move,Candolim,Goa
3 BHK,Apartment,249.97408,3616,6913,Ready to move,Candolim,Goa
1 BHK,Apartment,63.99792,882,7256,Ready to move,Saligao,Goa
1 BHK,Apartment,119.99808,753,15936,Ready to move,Candolim,Goa
2 BHK,Apartment,149.99862,1237,12126,Ready to move,Povorim,Goa
3 BHK,Apartment,161.98707,2163,7489,Ready to move,Povorim,Goa
1 BHK,Apartment,74.99415,645,11627,Ready to move,Calangute,Goa
2 BHK,Apartment,99.99605,1367,7315,Ready to move,Socorro,Goa
2 BHK,Apartment,91.99635,839,10965,Ready to move,Assagao,Goa
3 BHK,Apartment,107.99828,1292,8359,Under Construction,Candolim,Goa
1 BHK,Apartment,78.49728,768,10221,Under Construction,Calangute,Goa
2 BHK,Apartment,58.4928,960,6093,Under Construction,Salcete,Goa
4 BHK,Villa,549.984,3370,16320,Under Construction,Pernem,Goa
3 BHK,Villa,90.0,1500,6000,Under Construction,Salcete,Goa
3 BHK,Villa,161.9975,1750,9257,Ready to move,Salcete,Goa
6 BHK,Villa,999.9559,6865,14566,Under Construction,Siolim,Goa
2 BHK,Apartment,127.99576,1213,10552,Under Construction,Sangolda,Goa
1 BHK,Apartment,80.6925,742,10875,Under Construction,Sangolda,Goa
3 BHK,Apartment,180.98608,1564,11572,Under Construction,Sangolda,Goa
3 BHK,Villa,669.981,4100,16341,Ready to move,Baga,Goa
2 BHK,Apartment,249.984,1800,13888,Ready to move,Bambolim,Goa
3 BHK,Apartment,229.9977,2070,11111,Under Construction,Anjuna,Goa
2 BHK,Apartment,155.9864,1460,10684,Under Construction,Anjuna,Goa
3 BHK,Apartment,229.98229,2227,10327,Under Construction,Anjuna,Goa
4 BHK,Villa,149.996,2200,6818,Ready to move,Salcete,Goa
3 BHK,Villa,549.998,2950,18644,Under Construction,Anjuna,Goa
5 BHK,Villa,649.98,6000,10833,Under Construction,Calangute,Goa
4 BHK,Villa,175.0,1750,10000,Under Construction,Salcete,Goa
4 BHK,Villa,799.934,7300,10958,Ready to move,Calangute,Goa
1 BHK,Apartment,65.99536,646,10216,Under Construction,Candolim,Goa
3 BHK,Apartment,132.0,1200,11000,Under Construction,Candolim,Goa
2 BHK,Apartment,89.99354,1379,6526,Ready to move,Calangute,Goa
2 BHK,Apartment,84.9942,690,12318,Ready to move,Dabolim,Goa
3 BHK,Apartment,234.69826,1546,15181,Under Construction,Taleigao,Goa
3 BHK,Apartment,127.35586,922,13813,Under Construction,Taleigao,Goa
4 BHK,Apartment,281.96264,1912,14747,Under Construction,Taleigao,Goa
3 BHK,Apartment,179.30406,1222,14673,Under Construction,Taleigao,Goa
3 BHK,Apartment,132.93116,932,14263,Under Construction,Taleigao,Goa
3 BHK,Apartment,88.75334,1027,8642,Under Construction,Dabolim,Goa
2 BHK,Apartment,44.08064,514,8576,Under Construction,Dabolim,Goa
3 BHK,Apartment,84.41424,976,8649,Under Construction,Dabolim,Goa
1 BHK,Apartment,33.09228,351,9428,Under Construction,Dabolim,Goa
3 BHK,Apartment,84.078,972,8650,Under Construction,Dabolim,Goa
4 BHK,Villa,1194.96,5200,22980,Under Construction,Anjuna,Goa
3 BHK,Villa,399.98662,2447,16346,Under Construction,Dona Paula,Goa
6 BHK,Independent House,799.97324,4894,16346,Under Construction,Dona Paula,Goa
3 BHK,Villa,324.97696,2464,13189,Under Construction,Pilerne,Goa
4 BHK,Villa,995.0,5000,19900,Under Construction,Anjuna,Goa
4 BHK,Villa,1194.96,5200,22980,Under Construction,Chapora,Goa
3 BHK,Villa,155.98336,1744,8944,Under Construction,Povorim,Goa
5 BHK,Villa,339.976,5200,6538,Ready to move,Socorro,Goa
4 BHK,Apartment,112.98816,2304,4904,Ready to move,Socorro,Goa
4 BHK,Villa,199.97523,2713,7371,Ready to move,Povorim,Goa
2 BHK,Floor,124.99548,2186,5718,Ready to move,Socorro,Goa
5 BHK,Villa,340.0,5000,6800,Ready to move,Socorro,Goa
3 BHK,Villa,189.98222,2767,6866,Ready to move,Socorro,Goa
3 BHK,Villa,154.98756,1743,8892,Under Construction,Povorim,Goa
2 BHK,Apartment,50.0,1000,5000,Ready to move,Povorim,Goa
3 BHK,Villa,409.9875,1875,21866,Ready to move,Siolim,Goa
2 BHK,Apartment,64.99604,1049,6196,Ready to move,Mapusa,Goa
3 BHK,Villa,599.97542,2519,23818,Ready to move,Assagao,Goa
3 BHK,Villa,189.98798,1807,10514,Ready to move,Salcete,Goa
2 BHK,Apartment,83.99124,1086,7734,Ready to move,Salcete,Goa
2 BHK,Apartment,74.9921,1054,7115,Ready to move,Salcete,Goa
1 BHK,Apartment,95.19687,633,15039,Under Construction,Morjim,Goa
4 BHK,Villa,699.98262,3229,21678,Ready to move,Assagao,Goa
2 BHK,Apartment,177.996,1050,16952,Ready to move,Siolim,Goa
3 BHK,Apartment,199.9776,2368,8445,Ready to move,Povorim,Goa
4 BHK,Villa,549.98384,3422,16072,Under Construction,Candolim,Goa
4 BHK,Independent House,1199.9651,4090,29339,Ready to move,Mapusa,Goa
5 BHK,Independent House,129.99156,3228,4027,Ready to move,Salcete,Goa
3 BHK,Villa,349.99235,3005,11647,Ready to move,Salcete,Goa
4 BHK,Villa,260.0,2600,10000,Ready to move,Salcete,Goa
3 BHK,Villa,114.9868,1570,7324,Ready to move,Salcete,Goa
2 BHK,Apartment,94.99467,1527,6221,Ready to move,Dabolim,Goa
3 BHK,Apartment,129.98585,1585,8201,Ready to move,Povorim,Goa
5 BHK,Villa,699.95952,4304,16263,Under Construction,Anjuna,Goa
2 BHK,Floor,64.99328,1154,5632,Ready to move,Salcete,Goa
2 BHK,Apartment,149.99894,1022,14677,Ready to move,Assagao,Goa
2 BHK,Apartment,74.9921,1054,7115,Ready to move,Kadamba,Goa
2 BHK,Apartment,51.99382,1054,4933,Ready to move,Margao,Goa
3 BHK,Villa,349.99025,2525,13861,Ready to move,Siolim,Goa
3 BHK,Apartment,242.99356,1502,16178,Under Construction,Taleigao,Goa
2 BHK,Apartment,65.99824,968,6818,Under Construction,Santa Cruz,Goa
3 BHK,Apartment,100.98972,1404,7193,Under Construction,Sancoale,Goa
4 BHK,Independent House,349.97064,3316,10554,Ready to move,Siolim,Goa
2 BHK,Apartment,95.99901,1119,8579,Under Construction,Panjim,Goa
2 BHK,Apartment,69.9396,1002,6980,Under Construction,Santa Cruz,Goa
2 BHK,Apartment,63.9915,925,6918,Under Construction,Santa Cruz,Goa
2 BHK,Apartment,65.99824,968,6818,Under Construction,Santa Cruz,Goa
3 BHK,Apartment,100.98972,1404,7193,Under Construction,Sancoale,Goa
4 BHK,Independent House,349.97064,3316,10554,Ready to move,Siolim,Goa
2 BHK,Apartment,95.99901,1119,8579,Under Construction,Panjim,Goa
2 BHK,Villa,249.99176,1592,15703,Ready to move,Chapora,Goa
2 BHK,Apartment,51.99382,1054,4933,Ready to move,Salcete,Goa
3 BHK,Villa,159.99582,1614,9913,Ready to move,Salcete,Goa
2 BHK,Apartment,69.9396,1002,6980,Under Construction,Santa Cruz,Goa
2 BHK,Apartment,63.9915,925,6918,Under Construction,Santa Cruz,Goa
3 BHK,Apartment,185.9814,1980,9393,Under Construction,Panjim,Goa
2 BHK,Apartment,71.994,1065,6760,Under Construction,Santa Cruz,Goa
2 BHK,Apartment,96.732,1200,8061,Under Construction,Taleigao,Goa
3 BHK,Apartment,141.98568,1506,9428,Under Construction,Socorro,Goa
1 BHK,Apartment,104.99424,752,13962,Under Construction,Calangute,Goa
2 BHK,Apartment,149.98896,1122,13368,Ready to move,Dona Paula,Goa
2 BHK,Apartment,55.0,1000,5500,Ready to move,Socorro,Goa
4 BHK,Apartment,999.95904,5661,17664,Under Construction,Dona Paula,Goa
2 BHK,Apartment,81.74166,1001,8166,Under Construction,Taleigao,Goa
4 BHK,Apartment,436.99176,3186,13716,Under Construction,Taleigao,Goa
2 BHK,Apartment,63.0,1000,6300,Ready to move,Mapusa,Goa
4 BHK,Apartment,999.95904,5661,17664,Under Construction,Dona Paula,Goa
2 BHK,Apartment,81.74166,1001,8166,Under Construction,Taleigao,Goa
4 BHK,Apartment,436.99176,3186,13716,Under Construction,Taleigao,Goa
2 BHK,Apartment,63.0,1000,6300,Ready to move,Mapusa,Goa
2 BHK,Apartment,101.85616,1393,7312,Under Construction,Taleigao,Goa
3 BHK,Apartment,129.75309,1539,8431,Under Construction,Taleigao,Goa
2 BHK,Apartment,184.99418,1442,12829,Under Construction,Calangute,Goa
3 BHK,Apartment,181.9818,1980,9191,Under Construction,Panjim,Goa
4 BHK,Independent House,388.1378,3316,11705,Ready to move,Siolim,Goa
4 BHK,Villa,619.992,3950,15696,Ready to move,Siolim,Goa
2 BHK,Apartment,59.73074,1109,5386,Under Construction,Dabolim,Goa
3 BHK,Apartment,199.99628,1786,11198,Ready to move,Dona Paula,Goa
3 BHK,Apartment,249.99246,1614,15489,Ready to move,Dona Paula,Goa
4 BHK,Apartment,349.99491,2001,17491,Ready to move,Dona Paula,Goa
2 BHK,Apartment,94.9949,1022,9295,Ready to move,Taleigao,Goa
3 BHK,Apartment,199.995,1990,10050,Ready to move,Dona Paula,Goa
2 BHK,Apartment,55.45281,1029,5389,Under Construction,Dabolim,Goa
2 BHK,Apartment,55.51945,1085,5117,Under Construction,Dabolim,Goa
2 BHK,Apartment,59.84957,1111,5387,Under Construction,Dabolim,Goa
2 BHK,Apartment,60.14124,1116,5389,Under Construction,Dabolim,Goa
2 BHK,Apartment,199.98404,1678,11918,Ready to move,Dona Paula,Goa
2 BHK,Apartment,55.45281,1029,5389,Under Construction,Dabolim,Goa
2 BHK,Apartment,55.51945,1085,5117,Under Construction,Dabolim,Goa
2 BHK,Apartment,59.84957,1111,5387,Under Construction,Dabolim,Goa
2 BHK,Apartment,60.14124,1116,5389,Under Construction,Dabolim,Goa
2 BHK,Villa,89.9904,1635,5504,Ready to move,Salcete,Goa
2 BHK,Apartment,79.99776,1269,6304,Ready to move,Kadamba,Goa
2 BHK,Villa,209.99154,2238,9383,Ready to move,Dona Paula,Goa
3 BHK,Apartment,119.98656,1689,7104,Ready to move,Chimbel,Goa
2 BHK,Apartment,139.9876,1345,10408,Ready to move,Dona Paula,Goa
3 BHK,Villa,224.98614,2238,10053,Ready to move,Dona Paula,Goa
3 BHK,Villa,229.99731,2797,8223,Ready to move,Majorda,Goa
1 BHK,Apartment,79.9932,840,9523,Ready to move,Dabolim,Goa
3 BHK,Apartment,199.995,1990,10050,Ready to move,Dona Paula,Goa
3 BHK,Apartment,80.23116,1139,7044,Under Construction,Vasco Da Gama,Goa
2 BHK,Apartment,45.98758,514,8947,Under Construction,Dabolim,Goa
3 BHK,Apartment,59.99,1750,3428,Ready to move,Sancoale,Goa
Residential Plot,Residential,74.9694,3070,2442,Resale,Mapusa,Goa
4 BHK,Floor,279.972,3600,7777,Ready to move,Povorim,Goa
3 BHK,Villa,269.9904,1780,15168,Ready to move,Arpora,Goa
4 BHK,Villa,1299.96,6000,21666,Ready to move,Assagao,Goa
4 BHK,Floor,279.972,3600,7777,Ready to move,Povorim,Goa
Residential Plot,Residential,1499.9796,7560,19841,Resale,Dabolim,Goa
2 BHK,Apartment,74.99424,1227,6112,Ready to move,Povorim,Goa
3 BHK,Apartment,64.9878,1335,4868,Ready to move,Salcete,Goa
4 BHK,Villa,86.9946,1614,5390,Ready to move,Salcete,Goa
2 BHK,Apartment,67.9946,947,7180,Ready to move,Mapusa,Goa
3 BHK,Villa,99.9999,1485,6734,Ready to move,Salcete,Goa
2 BHK,Apartment,59.9982,1140,5263,Ready to move,Salcete,Goa
3 BHK,Apartment,114.99192,1668,6894,Ready to move,Salcete,Goa
1 BHK,Apartment,83.25,925,9000,Ready to move,Calangute,Goa
2 BHK,Villa,199.99816,1237,16168,Ready to move,Calangute,Goa
1 BHK,Apartment,49.99309,731,6839,Ready to move,Sangolda,Goa
2 BHK,Apartment,38.99672,839,4648,Ready to move,Salcete,Goa
1 BHK,Apartment,39.99748,452,8849,Ready to move,Calangute,Goa
2 BHK,Apartment,79.992,990,8080,Ready to move,Calangute,Goa
4 BHK,Villa,149.98772,2207,6796,Ready to move,Salcete,Goa
2 BHK,Apartment,59.98959,1119,5361,Ready to move,Salcete,Goa
1 RK ,Apartment,41.99984,452,9292,Ready to move,Candolim,Goa
3 BHK,Apartment,64.99888,1744,3727,Ready to move,Salcete,Goa
